{
	"info": {
		"_postman_id": "39ffa818-5660-49ac-973f-3d818ef3541a",
		"name": "rafael - /pet &  /user",
		"schema": "https://schema.getpostman.com/json/collection/v2.1.0/collection.json",
		"_exporter_id": "47362979",
		"_collection_link": "https://rafaeloliva2002-9206821.postman.co/workspace/PetStore~988fa538-8e55-4e80-b0e0-55b7e633b824/collection/47362979-39ffa818-5660-49ac-973f-3d818ef3541a?action=share&source=collection_link&creator=47362979"
	},
	"item": [
		{
			"name": "find pet by status - available",
			"event": [
				{
					"listen": "test",
					"script": {
						"exec": [
							"pm.test(\"Response status code is 200\", function () {",
							"    pm.expect(pm.response.code).to.equal(200);",
							"});",
							"",
							"",
							"pm.test(\"Response time is less than 200ms\", function () {",
							"    pm.expect(pm.response.responseTime).to.be.below(200);",
							"});",
							"",
							"",
							"pm.test(\"Response is an array containing pet objects\", function () {",
							"    const responseData = pm.response.json();",
							"",
							"    pm.expect(responseData).to.be.an('array').that.is.not.empty;",
							"",
							"    responseData.forEach(function(pet) {",
							"        pm.expect(pet).to.be.an('object');",
							"        pm.expect(pet).to.have.all.keys('id', 'category', 'name', 'photoUrls', 'tags', 'status');",
							"        pm.expect(pet.category).to.be.an('object').that.has.all.keys('id', 'name');",
							"        pm.expect(pet.photoUrls).to.be.an('array');",
							"        pm.expect(pet.tags).to.be.an('array');",
							"    });",
							"});",
							"",
							"",
							"pm.test(\"Each pet object has the required fields\", function () {",
							"    const responseData = pm.response.json();",
							"    ",
							"    pm.expect(responseData).to.be.an('array').that.is.not.empty;",
							"",
							"    responseData.forEach(pet => {",
							"        pm.expect(pet).to.be.an('object');",
							"        pm.expect(pet).to.have.all.keys('id', 'category', 'name', 'photoUrls', 'tags', 'status');",
							"",
							"        pm.expect(pet.category).to.be.an('object').that.has.all.keys('id', 'name');",
							"        pm.expect(pet.photoUrls).to.be.an('array');",
							"        pm.expect(pet.tags).to.be.an('array');",
							"    });",
							"});",
							"",
							"",
							"pm.test(\"Category name is a non-empty string\", function () {",
							"    const responseData = pm.response.json();",
							"    ",
							"    pm.expect(responseData).to.be.an('array').that.is.not.empty;",
							"    responseData.forEach(pet => {",
							"        pm.expect(pet.category).to.exist.and.to.be.an('object');",
							"        pm.expect(pet.category.name).to.exist.and.to.be.a('string').that.is.not.empty;",
							"    });",
							"});",
							"",
							"const status = pm.request.url.query.get(\"status\"); ",
							"const responseData = pm.response.json();",
							"",
							"pm.test(`All pets have status = \"${status}\"`, function () {",
							"    if (responseData.length > 0) {",
							"        for (let pet of responseData) {",
							"            pm.expect(pet.status).to.eql(status);",
							"        }",
							"    } else {",
							"        pm.expect.fail(\"No pets returned for status: \" + status);",
							"    }",
							"});",
							""
						],
						"type": "text/javascript",
						"packages": {}
					}
				}
			],
			"request": {
				"method": "GET",
				"header": [],
				"url": {
					"raw": "{{baseUrl}}/api/v3/pet/findByStatus?status=available",
					"host": [
						"{{baseUrl}}"
					],
					"path": [
						"api",
						"v3",
						"pet",
						"findByStatus"
					],
					"query": [
						{
							"key": "status",
							"value": "available"
						}
					]
				}
			},
			"response": []
		},
		{
			"name": "find pet by status - sold",
			"event": [
				{
					"listen": "test",
					"script": {
						"exec": [
							"pm.test(\"Response status code is 200\", function () {",
							"    pm.expect(pm.response.code).to.equal(200);",
							"});",
							"",
							"",
							"pm.test(\"Response time is less than 200ms\", function () {",
							"    pm.expect(pm.response.responseTime).to.be.below(200);",
							"});",
							"",
							"",
							"pm.test(\"Response is an array containing pet objects\", function () {",
							"    const responseData = pm.response.json();",
							"",
							"    pm.expect(responseData).to.be.an('array').that.is.not.empty;",
							"",
							"    responseData.forEach(function(pet) {",
							"        pm.expect(pet).to.be.an('object');",
							"        pm.expect(pet).to.have.all.keys('id', 'category', 'name', 'photoUrls', 'tags', 'status');",
							"        pm.expect(pet.category).to.be.an('object').that.has.all.keys('id', 'name');",
							"        pm.expect(pet.photoUrls).to.be.an('array');",
							"        pm.expect(pet.tags).to.be.an('array');",
							"    });",
							"});",
							"",
							"",
							"pm.test(\"Each pet object has the required fields\", function () {",
							"    const responseData = pm.response.json();",
							"    ",
							"    pm.expect(responseData).to.be.an('array').that.is.not.empty;",
							"",
							"    responseData.forEach(pet => {",
							"        pm.expect(pet).to.be.an('object');",
							"        pm.expect(pet).to.have.all.keys('id', 'category', 'name', 'photoUrls', 'tags', 'status');",
							"",
							"        pm.expect(pet.category).to.be.an('object').that.has.all.keys('id', 'name');",
							"        pm.expect(pet.photoUrls).to.be.an('array');",
							"        pm.expect(pet.tags).to.be.an('array');",
							"    });",
							"});",
							"",
							"",
							"pm.test(\"Category name is a non-empty string\", function () {",
							"    const responseData = pm.response.json();",
							"    ",
							"    pm.expect(responseData).to.be.an('array').that.is.not.empty;",
							"    responseData.forEach(pet => {",
							"        pm.expect(pet.category).to.exist.and.to.be.an('object');",
							"        pm.expect(pet.category.name).to.exist.and.to.be.a('string').that.is.not.empty;",
							"    });",
							"});",
							"",
							"const status = pm.request.url.query.get(\"status\"); ",
							"const responseData = pm.response.json();",
							"",
							"pm.test(`All pets have status = \"${status}\"`, function () {",
							"    if (responseData.length > 0) {",
							"        for (let pet of responseData) {",
							"            pm.expect(pet.status).to.eql(status);",
							"        }",
							"    } else {",
							"        pm.expect.fail(\"No pets returned for status: \" + status);",
							"    }",
							"});",
							""
						],
						"type": "text/javascript",
						"packages": {}
					}
				}
			],
			"request": {
				"method": "GET",
				"header": [],
				"url": {
					"raw": "{{baseUrl}}/api/v3/pet/findByStatus?status=sold",
					"host": [
						"{{baseUrl}}"
					],
					"path": [
						"api",
						"v3",
						"pet",
						"findByStatus"
					],
					"query": [
						{
							"key": "status",
							"value": "sold"
						}
					]
				}
			},
			"response": []
		},
		{
			"name": "find pet by status - pending",
			"event": [
				{
					"listen": "test",
					"script": {
						"exec": [
							"pm.test(\"Response status code is 200\", function () {",
							"    pm.expect(pm.response.code).to.equal(200);",
							"});",
							"",
							"",
							"pm.test(\"Response time is less than 200ms\", function () {",
							"    pm.expect(pm.response.responseTime).to.be.below(200);",
							"});",
							"",
							"",
							"pm.test(\"Response is an array containing pet objects\", function () {",
							"    const responseData = pm.response.json();",
							"",
							"    pm.expect(responseData).to.be.an('array').that.is.not.empty;",
							"",
							"    responseData.forEach(function(pet) {",
							"        pm.expect(pet).to.be.an('object');",
							"        pm.expect(pet).to.have.all.keys('id', 'category', 'name', 'photoUrls', 'tags', 'status');",
							"        pm.expect(pet.category).to.be.an('object').that.has.all.keys('id', 'name');",
							"        pm.expect(pet.photoUrls).to.be.an('array');",
							"        pm.expect(pet.tags).to.be.an('array');",
							"    });",
							"});",
							"",
							"",
							"pm.test(\"Each pet object has the required fields\", function () {",
							"    const responseData = pm.response.json();",
							"    ",
							"    pm.expect(responseData).to.be.an('array').that.is.not.empty;",
							"",
							"    responseData.forEach(pet => {",
							"        pm.expect(pet).to.be.an('object');",
							"        pm.expect(pet).to.have.all.keys('id', 'category', 'name', 'photoUrls', 'tags', 'status');",
							"",
							"        pm.expect(pet.category).to.be.an('object').that.has.all.keys('id', 'name');",
							"        pm.expect(pet.photoUrls).to.be.an('array');",
							"        pm.expect(pet.tags).to.be.an('array');",
							"    });",
							"});",
							"",
							"",
							"pm.test(\"Category name is a non-empty string\", function () {",
							"    const responseData = pm.response.json();",
							"    ",
							"    pm.expect(responseData).to.be.an('array').that.is.not.empty;",
							"    responseData.forEach(pet => {",
							"        pm.expect(pet.category).to.exist.and.to.be.an('object');",
							"        pm.expect(pet.category.name).to.exist.and.to.be.a('string').that.is.not.empty;",
							"    });",
							"});",
							"",
							"const status = pm.request.url.query.get(\"status\"); ",
							"const responseData = pm.response.json();",
							"",
							"pm.test(`All pets have status = \"${status}\"`, function () {",
							"    if (responseData.length > 0) {",
							"        for (let pet of responseData) {",
							"            pm.expect(pet.status).to.eql(status);",
							"        }",
							"    } else {",
							"        pm.expect.fail(\"No pets returned for status: \" + status);",
							"    }",
							"});",
							""
						],
						"type": "text/javascript",
						"packages": {}
					}
				}
			],
			"request": {
				"method": "GET",
				"header": [],
				"url": {
					"raw": "{{baseUrl}}/api/v3/pet/findByStatus?status=pending",
					"host": [
						"{{baseUrl}}"
					],
					"path": [
						"api",
						"v3",
						"pet",
						"findByStatus"
					],
					"query": [
						{
							"key": "status",
							"value": "pending"
						}
					]
				}
			},
			"response": []
		},
		{
			"name": "find pet by status - invalid",
			"event": [
				{
					"listen": "test",
					"script": {
						"exec": [
							"pm.test(\"Response status code is 400\", function () {",
							"    pm.expect(pm.response.code).to.equal(400);",
							"});",
							"",
							"",
							"pm.test(\"Response time is less than 200ms\", function () {",
							"    pm.expect(pm.response.responseTime).to.be.below(200);",
							"});",
							"",
							""
						],
						"type": "text/javascript",
						"packages": {}
					}
				}
			],
			"request": {
				"method": "GET",
				"header": [],
				"url": {
					"raw": "{{baseUrl}}/api/v3/pet/findByStatus?status=aJ@*@J!EAD",
					"host": [
						"{{baseUrl}}"
					],
					"path": [
						"api",
						"v3",
						"pet",
						"findByStatus"
					],
					"query": [
						{
							"key": "status",
							"value": "aJ@*@J!EAD"
						}
					]
				}
			},
			"response": []
		},
		{
			"name": "find pet by status - empty",
			"event": [
				{
					"listen": "test",
					"script": {
						"exec": [
							"pm.test(\"Response status code is 200\", function () {",
							"    pm.expect(pm.response.code).to.equal(200);",
							"});",
							"",
							"",
							"pm.test(\"Response time is less than 200ms\", function () {",
							"    pm.expect(pm.response.responseTime).to.be.below(200);",
							"});",
							"",
							"",
							"pm.test(\"Response is an array containing pet objects\", function () {",
							"    const responseData = pm.response.json();",
							"",
							"    pm.expect(responseData).to.be.an('array').that.is.not.empty;",
							"",
							"    responseData.forEach(function(pet) {",
							"        pm.expect(pet).to.be.an('object');",
							"        pm.expect(pet).to.have.all.keys('id', 'category', 'name', 'photoUrls', 'tags', 'status');",
							"        pm.expect(pet.category).to.be.an('object').that.has.all.keys('id', 'name');",
							"        pm.expect(pet.photoUrls).to.be.an('array');",
							"        pm.expect(pet.tags).to.be.an('array');",
							"    });",
							"});",
							"",
							"",
							"pm.test(\"Each pet object has the required fields\", function () {",
							"    const responseData = pm.response.json();",
							"    ",
							"    pm.expect(responseData).to.be.an('array').that.is.not.empty;",
							"",
							"    responseData.forEach(pet => {",
							"        pm.expect(pet).to.be.an('object');",
							"        pm.expect(pet).to.have.all.keys('id', 'category', 'name', 'photoUrls', 'tags', 'status');",
							"",
							"        pm.expect(pet.category).to.be.an('object').that.has.all.keys('id', 'name');",
							"        pm.expect(pet.photoUrls).to.be.an('array');",
							"        pm.expect(pet.tags).to.be.an('array');",
							"    });",
							"});",
							"",
							"",
							"pm.test(\"Category name is a non-empty string\", function () {",
							"    const responseData = pm.response.json();",
							"    ",
							"    pm.expect(responseData).to.be.an('array').that.is.not.empty;",
							"    responseData.forEach(pet => {",
							"        pm.expect(pet.category).to.exist.and.to.be.an('object');",
							"        pm.expect(pet.category.name).to.exist.and.to.be.a('string').that.is.not.empty;",
							"    });",
							"});",
							"",
							"const status = pm.request.url.query.get(\"status\"); ",
							"const responseData = pm.response.json();",
							"",
							"pm.test(`All pets have status = \"${status}\"`, function () {",
							"    if (responseData.length > 0) {",
							"        for (let pet of responseData) {",
							"            pm.expect(pet.status).to.eql(status);",
							"        }",
							"    } else {",
							"        pm.expect.fail(\"No pets returned for status: \" + status);",
							"    }",
							"});",
							""
						],
						"type": "text/javascript",
						"packages": {}
					}
				}
			],
			"request": {
				"method": "GET",
				"header": [],
				"url": {
					"raw": "{{baseUrl}}/api/v3/pet/findByStatus?status=",
					"host": [
						"{{baseUrl}}"
					],
					"path": [
						"api",
						"v3",
						"pet",
						"findByStatus"
					],
					"query": [
						{
							"key": "status",
							"value": ""
						}
					]
				}
			},
			"response": []
		},
		{
			"name": "find pet by tags - valid",
			"event": [
				{
					"listen": "test",
					"script": {
						"exec": [
							"pm.test(\"Response status code is 200\", function () {",
							"    pm.expect(pm.response.code).to.equal(200);",
							"});",
							"",
							"",
							"pm.test(\"Response time is less than 200ms\", function () {",
							"    pm.expect(pm.response.responseTime).to.be.below(200);",
							"});",
							"",
							"",
							"pm.test(\"Response schema matches expected structure\", function () {",
							"    const responseData = pm.response.json();",
							"",
							"    pm.expect(responseData).to.be.an('array').that.is.not.empty;",
							"    ",
							"    responseData.forEach(pet => {",
							"        pm.expect(pet).to.be.an('object').that.includes.all.keys('id', 'category', 'name', 'photoUrls', 'tags', 'status');",
							"        pm.expect(pet.category).to.be.an('object').that.includes.all.keys('id', 'name');",
							"        pm.expect(pet.photoUrls).to.be.an('array');",
							"        pm.expect(pet.tags).to.be.an('array');",
							"        pet.tags.forEach(tag => {",
							"            pm.expect(tag).to.be.an('object').that.includes.all.keys('id', 'name');",
							"        });",
							"    });",
							"});",
							"",
							"",
							"pm.test(\"Status is a non-empty string\", function () {",
							"    const responseData = pm.response.json();",
							"    ",
							"    responseData.forEach(pet => {",
							"        pm.expect(pet.status).to.exist.and.to.be.a('string').and.to.have.lengthOf.at.least(1, \"Status should not be empty\");",
							"    });",
							"});",
							""
						],
						"type": "text/javascript",
						"packages": {}
					}
				}
			],
			"request": {
				"method": "GET",
				"header": [],
				"url": {
					"raw": "{{baseUrl}}/api/v3/pet/findByTags?tags=tag1",
					"host": [
						"{{baseUrl}}"
					],
					"path": [
						"api",
						"v3",
						"pet",
						"findByTags"
					],
					"query": [
						{
							"key": "tags",
							"value": "tag1"
						}
					]
				}
			},
			"response": []
		},
		{
			"name": "find pet by tags - invalid",
			"event": [
				{
					"listen": "test",
					"script": {
						"exec": [
							"pm.test(\"Response status code is 400\", function () {",
							"    pm.expect(pm.response.code).to.equal(400);",
							"});",
							"",
							"",
							"pm.test(\"Response time is less than 200ms\", function () {",
							"    pm.expect(pm.response.responseTime).to.be.below(200);",
							"});",
							"",
							"",
							"",
							"",
							""
						],
						"type": "text/javascript",
						"packages": {}
					}
				}
			],
			"request": {
				"method": "GET",
				"header": [],
				"url": {
					"raw": "{{baseUrl}}/api/v3/pet/findByTags?tags=sD@!DK(@!KDJ(AS",
					"host": [
						"{{baseUrl}}"
					],
					"path": [
						"api",
						"v3",
						"pet",
						"findByTags"
					],
					"query": [
						{
							"key": "tags",
							"value": "sD@!DK(@!KDJ(AS"
						}
					]
				}
			},
			"response": []
		},
		{
			"name": "find pet by tags - empty",
			"event": [
				{
					"listen": "test",
					"script": {
						"exec": [
							"pm.test(\"Response status code is 400\", function () {",
							"    pm.expect(pm.response.code).to.equal(400);",
							"});",
							"",
							"",
							"pm.test(\"Response time is less than 200ms\", function () {",
							"    pm.expect(pm.response.responseTime).to.be.below(200);",
							"});",
							"",
							"",
							"",
							""
						],
						"type": "text/javascript",
						"packages": {}
					}
				}
			],
			"request": {
				"method": "GET",
				"header": [],
				"url": {
					"raw": "{{baseUrl}}/api/v3/pet/findByTags?tags=",
					"host": [
						"{{baseUrl}}"
					],
					"path": [
						"api",
						"v3",
						"pet",
						"findByTags"
					],
					"query": [
						{
							"key": "tags",
							"value": ""
						}
					]
				}
			},
			"response": []
		},
		{
			"name": "find pet by id - valid",
			"event": [
				{
					"listen": "test",
					"script": {
						"exec": [
							"pm.test(\"Response status code is 200\", function () {",
							"    pm.expect(pm.response.code).to.eql(200);",
							"});",
							"",
							"",
							"pm.test(\"Response has required fields\", function () {",
							"    const responseData = pm.response.json();",
							"    ",
							"    pm.expect(responseData).to.be.an('object');",
							"    pm.expect(responseData).to.have.all.keys('id', 'category', 'name', 'photoUrls', 'tags', 'status');",
							"    ",
							"    pm.expect(responseData.category).to.have.all.keys('id', 'name');",
							"    ",
							"    responseData.photoUrls.forEach(function(photoUrl) {",
							"        pm.expect(photoUrl).to.be.a('string');",
							"    });",
							"    ",
							"    responseData.tags.forEach(function(tag) {",
							"        pm.expect(tag).to.have.all.keys('id', 'name');",
							"    });",
							"});",
							"",
							"",
							"pm.test(\"Response schema is valid\", function () {",
							"    const responseData = pm.response.json();",
							"",
							"    pm.expect(responseData).to.be.an('object');",
							"    pm.expect(responseData).to.have.all.keys('id', 'category', 'name', 'photoUrls', 'tags', 'status');",
							"",
							"    pm.expect(responseData.category).to.be.an('object');",
							"    pm.expect(responseData.category).to.have.all.keys('id', 'name');",
							"",
							"    pm.expect(responseData.photoUrls).to.be.an('array');",
							"    ",
							"    pm.expect(responseData.tags).to.be.an('array');",
							"",
							"    responseData.tags.forEach(tag => {",
							"        pm.expect(tag).to.be.an('object');",
							"        pm.expect(tag).to.have.all.keys('id', 'name');",
							"    });",
							"});",
							"",
							"",
							"pm.test(\"Name is a non-empty string\", function () {",
							"    const responseData = pm.response.json();",
							"    ",
							"    pm.expect(responseData).to.be.an('object');",
							"    pm.expect(responseData.name).to.exist.and.to.be.a('string').and.to.have.lengthOf.at.least(1, \"Value should not be empty\");",
							"});",
							"",
							"",
							"pm.test(\"Status is either 'available', 'pending', or 'sold'\", function () {",
							"    const responseData = pm.response.json();",
							"    ",
							"    pm.expect(responseData).to.be.an('object');",
							"    pm.expect(responseData.status).to.satisfy(status => ",
							"        ['available', 'pending', 'sold'].includes(status),",
							"        \"Status must be one of 'available', 'pending', or 'sold'\"",
							"    );",
							"});",
							""
						],
						"type": "text/javascript",
						"packages": {}
					}
				}
			],
			"request": {
				"method": "GET",
				"header": [],
				"url": {
					"raw": "{{baseUrl}}/api/v3/pet/1",
					"host": [
						"{{baseUrl}}"
					],
					"path": [
						"api",
						"v3",
						"pet",
						"1"
					]
				}
			},
			"response": []
		},
		{
			"name": "find pet by id - non-existent",
			"event": [
				{
					"listen": "test",
					"script": {
						"exec": [
							"pm.test(\"Response status code is 404\", function () {",
							"    pm.expect(pm.response.code).to.eql(404);",
							"});",
							"",
							"",
							"",
							""
						],
						"type": "text/javascript",
						"packages": {}
					}
				}
			],
			"request": {
				"method": "GET",
				"header": [],
				"url": {
					"raw": "{{baseUrl}}/api/v3/pet/10000",
					"host": [
						"{{baseUrl}}"
					],
					"path": [
						"api",
						"v3",
						"pet",
						"10000"
					]
				}
			},
			"response": []
		},
		{
			"name": "find pet by id - invalid",
			"event": [
				{
					"listen": "test",
					"script": {
						"exec": [
							"pm.test(\"Response status code is 400\", function () {",
							"    pm.expect(pm.response.code).to.eql(400);",
							"});",
							"",
							"",
							"",
							""
						],
						"type": "text/javascript",
						"packages": {}
					}
				}
			],
			"request": {
				"method": "GET",
				"header": [],
				"url": {
					"raw": "{{baseUrl}}/api/v3/pet/!@$@!DSADAW",
					"host": [
						"{{baseUrl}}"
					],
					"path": [
						"api",
						"v3",
						"pet",
						"!@$@!DSADAW"
					]
				}
			},
			"response": []
		},
		{
			"name": "find pet by id - empty",
			"event": [
				{
					"listen": "test",
					"script": {
						"exec": [
							"pm.test(\"Response status code is 405\", function () {",
							"    pm.expect(pm.response.code).to.eql(405);",
							"});",
							"",
							""
						],
						"type": "text/javascript",
						"packages": {}
					}
				}
			],
			"request": {
				"method": "GET",
				"header": [],
				"url": {
					"raw": "{{baseUrl}}/api/v3/pet/",
					"host": [
						"{{baseUrl}}"
					],
					"path": [
						"api",
						"v3",
						"pet",
						""
					]
				}
			},
			"response": []
		},
		{
			"name": "update user resource - valid",
			"event": [
				{
					"listen": "test",
					"script": {
						"exec": [
							"pm.test(\"Status code is 200\", function () {",
							"    pm.expect(pm.response.code).to.equal(200);",
							"});",
							"",
							"pm.test(\"Response time is less than 200ms\", function () {",
							"    pm.expect(pm.response.responseTime).to.be.lessThan(200);",
							"});",
							"",
							"pm.test(\"Response has correct content-type\", function () {",
							"    pm.expect(pm.response.headers.get(\"Content-Type\")).to.include(\"application/json\");",
							"});",
							""
						],
						"type": "text/javascript",
						"packages": {}
					}
				}
			],
			"request": {
				"method": "PUT",
				"header": [],
				"body": {
					"mode": "raw",
					"raw": "{\n  \"id\": 10,\n  \"username\": \"theUser\",\n  \"firstName\": \"John\",\n  \"lastName\": \"James\",\n  \"email\": \"john@email.com\",\n  \"password\": \"12345\",\n  \"phone\": \"12345\",\n  \"userStatus\": 1\n}",
					"options": {
						"raw": {
							"language": "json"
						}
					}
				},
				"url": {
					"raw": "{{baseUrl}}/api/v3/user/theUser",
					"host": [
						"{{baseUrl}}"
					],
					"path": [
						"api",
						"v3",
						"user",
						"theUser"
					]
				}
			},
			"response": []
		},
		{
			"name": "update user resource - missing fields",
			"event": [
				{
					"listen": "test",
					"script": {
						"exec": [
							"pm.test(\"Status code is 400\", function () {",
							"    pm.expect(pm.response.code).to.equal(400);",
							"});",
							"",
							"pm.test(\"Response time is less than 200ms\", function () {",
							"    pm.expect(pm.response.responseTime).to.be.lessThan(200);",
							"});",
							"",
							"pm.test(\"Response has correct content-type\", function () {",
							"    pm.expect(pm.response.headers.get(\"Content-Type\")).to.include(\"application/json\");",
							"});",
							""
						],
						"type": "text/javascript",
						"packages": {}
					}
				},
				{
					"listen": "prerequest",
					"script": {
						"packages": {},
						"type": "text/javascript"
					}
				}
			],
			"request": {
				"method": "PUT",
				"header": [],
				"body": {
					"mode": "raw",
					"raw": "{\n  \"id\": 10,\n  \"username\": \"theUser\",\n  \"lastName\": \"James after the test\",\n  \"nt\": \"James\",\n  \"password\": \"123445\",\n  \"userStatus\": 1\n}",
					"options": {
						"raw": {
							"language": "json"
						}
					}
				},
				"url": {
					"raw": "{{baseUrl}}/api/v3/user/theUser",
					"host": [
						"{{baseUrl}}"
					],
					"path": [
						"api",
						"v3",
						"user",
						"theUser"
					]
				}
			},
			"response": []
		},
		{
			"name": "update user resource - invalid",
			"event": [
				{
					"listen": "test",
					"script": {
						"exec": [
							"pm.test(\"Status code is 404\", function () {",
							"    pm.expect(pm.response.code).to.equal(404);",
							"});",
							"",
							"pm.test(\"Response time is less than 200ms\", function () {",
							"    pm.expect(pm.response.responseTime).to.be.lessThan(200);",
							"});",
							"",
							"pm.test(\"Response has correct content-type\", function () {",
							"    pm.expect(pm.response.headers.get(\"Content-Type\")).to.include(\"application/json\");",
							"});",
							""
						],
						"type": "text/javascript",
						"packages": {}
					}
				}
			],
			"request": {
				"method": "PUT",
				"header": [],
				"body": {
					"mode": "raw",
					"raw": "{\n  \"id\": 10,\n  \"username\": \"theUser\",\n  \"firstName\": \"John\",\n  \"lastName\": \"James\",\n  \"email\": \"john@email.com\",\n  \"password\": \"12345\",\n  \"phone\": \"12345\",\n  \"userStatus\": 1\n}",
					"options": {
						"raw": {
							"language": "json"
						}
					}
				},
				"url": {
					"raw": "{{baseUrl}}/api/v3/user/dkAWDWD(AWI(D1",
					"host": [
						"{{baseUrl}}"
					],
					"path": [
						"api",
						"v3",
						"user",
						"dkAWDWD(AWI(D1"
					]
				}
			},
			"response": []
		},
		{
			"name": "update user resource - empty",
			"event": [
				{
					"listen": "test",
					"script": {
						"exec": [
							"pm.test(\"Status code is 405\", function () {",
							"    pm.expect(pm.response.code).to.equal(405);",
							"});",
							"",
							"pm.test(\"Response time is less than 200ms\", function () {",
							"    pm.expect(pm.response.responseTime).to.be.lessThan(200);",
							"});",
							"",
							"pm.test(\"Response has correct content-type\", function () {",
							"    pm.expect(pm.response.headers.get(\"Content-Type\")).to.include(\"application/json\");",
							"});",
							""
						],
						"type": "text/javascript",
						"packages": {}
					}
				}
			],
			"request": {
				"method": "PUT",
				"header": [],
				"body": {
					"mode": "raw",
					"raw": "{\n  \"id\": 10,\n  \"username\": \"theUser\",\n  \"lastName\": \"James after the test\",\n  \"nt\": \"James\",\n  \"password\": \"123445\",\n  \"userStatus\": 1\n}",
					"options": {
						"raw": {
							"language": "json"
						}
					}
				},
				"url": {
					"raw": "{{baseUrl}}/api/v3/user/",
					"host": [
						"{{baseUrl}}"
					],
					"path": [
						"api",
						"v3",
						"user",
						""
					]
				}
			},
			"response": []
		}
	],
	"variable": [
		{
			"key": "baseUrl",
			"value": "",
			"type": "default"
		}
	]
}