{
	"info": {
		"_postman_id": "741ef009-2349-451c-9cda-b835966e8aeb",
		"name": "PET Collection",
		"schema": "https://schema.getpostman.com/json/collection/v2.1.0/collection.json",
		"_exporter_id": "45899011"
	},
	"item": [
		{
			"name": "POST createPet - 200",
			"request": {
				"method": "POST",
				"header": [],
				"body": {
					"mode": "raw",
					"raw": "{\r\n  \"id\": 101,\r\n  \"name\": \"Rex\",\r\n  \"category\": {\r\n    \"id\": 1,\r\n    \"name\": \"Cachorros\"\r\n  },\r\n  \"photoUrls\": [\r\n    \"http://example.com/photo/rex.jpg\"\r\n  ],\r\n  \"tags\": [\r\n    {\r\n      \"id\": 0,\r\n      \"name\": \"dócil\"\r\n    }\r\n  ],\r\n  \"status\": \"available\"\r\n}",
					"options": {
						"raw": {
							"language": "json"
						}
					}
				},
				"url": {
					"raw": "{{URL}}/pet",
					"host": [
						"{{URL}}"
					],
					"path": [
						"pet"
					]
				}
			},
			"response": []
		},
		{
			"name": "POST createPet Invalid input - 400",
			"request": {
				"method": "POST",
				"header": [],
				"body": {
					"mode": "raw",
					"raw": "{\r\n  \"id\": \"cachorro\",\r\n  \"name\": \"Rex\",\r\n  \"category\": {\r\n    \"id\": 1,\r\n    \"name\": \"Cachorros\"\r\n  },\r\n  \"photoUrls\": [\r\n    \"http://example.com/photo/rex.jpg\"\r\n  ],\r\n  \"tags\": [\r\n    {\r\n      \"id\": 0,\r\n      \"name\": \"dócil\"\r\n    }\r\n  ],\r\n  \"status\": \"available\"\r\n}",
					"options": {
						"raw": {
							"language": "json"
						}
					}
				},
				"url": {
					"raw": "{{URL}}/pet",
					"host": [
						"{{URL}}"
					],
					"path": [
						"pet"
					]
				}
			},
			"response": []
		},
		{
			"name": "POST createPet Validation exception - 200",
			"request": {
				"method": "POST",
				"header": [],
				"body": {
					"mode": "raw",
					"raw": "{\r\n  \"id\": 422,\r\n  \"category\": { \"id\": 1, \"name\": \"Gatos\" },\r\n  \"status\": \"available\"\r\n}",
					"options": {
						"raw": {
							"language": "json"
						}
					}
				},
				"url": {
					"raw": "{{URL}}/pet",
					"host": [
						"{{URL}}"
					],
					"path": [
						"pet"
					]
				}
			},
			"response": []
		},
		{
			"name": "POST createPet Unexpected error - 200",
			"request": {
				"method": "POST",
				"header": [],
				"body": {
					"mode": "raw",
					"raw": "{\r\n  \"id\": 500,\r\n  \"name\": \"Fantasma\",\r\n  \"status\": \"available\"\r\n}",
					"options": {
						"raw": {
							"language": "json"
						}
					}
				},
				"url": {
					"raw": "{{URL}}/pet",
					"host": [
						"{{URL}}"
					],
					"path": [
						"pet"
					]
				}
			},
			"response": []
		},
		{
			"name": "POST updatePet - 200 with ID in the request",
			"request": {
				"method": "POST",
				"header": [],
				"url": {
					"raw": "http://localhost:8080/api/v3/pet/101?name=rex&status=1",
					"protocol": "http",
					"host": [
						"localhost"
					],
					"port": "8080",
					"path": [
						"api",
						"v3",
						"pet",
						"101"
					],
					"query": [
						{
							"key": "name",
							"value": "rex"
						},
						{
							"key": "status",
							"value": "1"
						}
					]
				}
			},
			"response": []
		},
		{
			"name": "POST updatePet Invalid input - 400",
			"request": {
				"method": "POST",
				"header": [],
				"body": {
					"mode": "raw",
					"raw": "{\r\n  \"id\": \"cachorro\",\r\n  \"name\": \"doggie\",\r\n  \"category\": {\r\n    \"id\": 1,\r\n    \"name\": \"Dogs\"\r\n  },\r\n  \"photoUrls\": [\r\n    \"string\"\r\n  ],\r\n  \"tags\": [\r\n    {\r\n      \"id\": 0,\r\n      \"name\": \"string\"\r\n    }\r\n  ],\r\n  \"status\": \"available\"\r\n}",
					"options": {
						"raw": {
							"language": "json"
						}
					}
				},
				"url": {
					"raw": "{{URL}}/pet/{petId}",
					"host": [
						"{{URL}}"
					],
					"path": [
						"pet",
						"{petId}"
					]
				}
			},
			"response": []
		},
		{
			"name": "POST updatePet default - 400",
			"request": {
				"method": "POST",
				"header": [],
				"body": {
					"mode": "raw",
					"raw": "{\r\n  \"id\": 101,\r\n  \"name\": \"doggie\",\r\n  \"category\": {\r\n    \"id\": 1,\r\n    \"name\": \"Dogs\"\r\n  },\r\n  \"photoUrls\": [\r\n    \"string\"\r\n  ],\r\n  \"tags\": [\r\n    {\r\n      \"id\": 0,\r\n      \"name\": \"string\"\r\n    }\r\n  ],\r\n  \"status\": \"available\"\r\n}",
					"options": {
						"raw": {
							"language": "json"
						}
					}
				},
				"url": {
					"raw": "{{URL}}/pet/{petId}",
					"host": [
						"{{URL}}"
					],
					"path": [
						"pet",
						"{petId}"
					]
				}
			},
			"response": []
		},
		{
			"name": "POST uploadImage No file uploaded  - 400",
			"request": {
				"method": "POST",
				"header": [],
				"body": {
					"mode": "raw",
					"raw": "",
					"options": {
						"raw": {
							"language": "json"
						}
					}
				},
				"url": {
					"raw": "{{URL}}/pet/{petId}/uploadImage?=rex_praia.jpg&=Foto do Rex na praia",
					"host": [
						"{{URL}}"
					],
					"path": [
						"pet",
						"{petId}",
						"uploadImage"
					],
					"query": [
						{
							"key": null,
							"value": "rex_praia.jpg"
						},
						{
							"key": null,
							"value": "Foto do Rex na praia"
						}
					]
				}
			},
			"response": []
		},
		{
			"name": "POST uploadImage Not Found - 415",
			"request": {
				"method": "POST",
				"header": [],
				"body": {
					"mode": "formdata",
					"formdata": [
						{
							"key": "file",
							"type": "file",
							"src": []
						}
					]
				},
				"url": {
					"raw": "http://localhost:8080/api/v3/pet/999999/uploadImage",
					"protocol": "http",
					"host": [
						"localhost"
					],
					"port": "8080",
					"path": [
						"api",
						"v3",
						"pet",
						"999999",
						"uploadImage"
					]
				}
			},
			"response": []
		},
		{
			"name": "POST uploadImage - 415",
			"request": {
				"method": "POST",
				"header": [],
				"body": {
					"mode": "formdata",
					"formdata": [
						{
							"key": "file",
							"type": "file",
							"src": []
						}
					]
				},
				"url": {
					"raw": "http://localhost:8080/api/v3/pet/101/uploadImage",
					"protocol": "http",
					"host": [
						"localhost"
					],
					"port": "8080",
					"path": [
						"api",
						"v3",
						"pet",
						"101",
						"uploadImage"
					]
				}
			},
			"response": []
		}
	]
}