{
	"info": {
		"_postman_id": "8da5b6ca-f67c-4444-8a66-ec69db84f384",
		"name": "Petstore - User",
		"schema": "https://schema.getpostman.com/json/collection/v2.1.0/collection.json",
		"_exporter_id": "47360892",
		"_collection_link": "https://joaovitormoreiralemos-7897253.postman.co/workspace/Primeira-API~e4ba7221-202c-4dc6-8569-ef9e61bb0807/collection/47360892-8da5b6ca-f67c-4444-8a66-ec69db84f384?action=share&source=collection_link&creator=47360892"
	},
	"item": [
		{
			"name": "New Request",
			"request": {
				"method": "POST",
				"header": [],
				"body": {
					"mode": "raw",
					"raw": "{\r\n  \"id\": 10,\r\n  \"username\": \"theUser\",\r\n  \"firstName\": \"John\",\r\n  \"lastName\": \"James\",\r\n  \"email\": \"john@email.com\",\r\n  \"password\": \"12345\",\r\n  \"phone\": \"12345\",\r\n  \"userStatus\": 1\r\n}",
					"options": {
						"raw": {
							"language": "json"
						}
					}
				},
				"url": {
					"raw": "{{url}}/user",
					"host": [
						"{{url}}"
					],
					"path": [
						"user"
					]
				}
			},
			"response": []
		},
		{
			"name": "New Request",
			"request": {
				"method": "POST",
				"header": [],
				"body": {
					"mode": "raw",
					"raw": "[\r\n  {\r\n    \"id\": 10,\r\n    \"username\": \"theUser\",\r\n    \"firstName\": \"John\",\r\n    \"lastName\": \"James\",\r\n    \"email\": \"john@email.com\",\r\n    \"password\": \"12345\",\r\n    \"phone\": \"12345\",\r\n    \"userStatus\": 1\r\n  }\r\n]",
					"options": {
						"raw": {
							"language": "json"
						}
					}
				},
				"url": {
					"raw": "{{url}}/user/createWithList",
					"host": [
						"{{url}}"
					],
					"path": [
						"user",
						"createWithList"
					]
				}
			},
			"response": []
		}
	],
	"event": [
		{
			"listen": "prerequest",
			"script": {
				"type": "text/javascript",
				"packages": {},
				"exec": [
					""
				]
			}
		},
		{
			"listen": "test",
			"script": {
				"type": "text/javascript",
				"packages": {},
				"exec": [
					""
				]
			}
		}
	],
	"variable": [
		{
			"key": "url",
			"value": "",
			"type": "string"
		}
	]
}