{
	"info": {
		"_postman_id": "bbb20dc2-172b-49e3-8e87-66cbc3cdc84d",
		"name": "Petstore - Store",
		"schema": "https://schema.getpostman.com/json/collection/v2.1.0/collection.json",
		"_exporter_id": "47360892",
		"_collection_link": "https://joaovitormoreiralemos-7897253.postman.co/workspace/Primeira-API~e4ba7221-202c-4dc6-8569-ef9e61bb0807/collection/47360892-bbb20dc2-172b-49e3-8e87-66cbc3cdc84d?action=share&source=collection_link&creator=47360892"
	},
	"item": [
		{
			"name": "Delete Order",
			"request": {
				"method": "DELETE",
				"header": [],
				"url": {
					"raw": "{{url}}/store/order/10",
					"host": [
						"{{url}}"
					],
					"path": [
						"store",
						"order",
						"10"
					]
				}
			},
			"response": []
		},
		{
			"name": "Número Negativo",
			"request": {
				"method": "DELETE",
				"header": [],
				"url": {
					"raw": "{{url}}/store/order/-100",
					"host": [
						"{{url}}"
					],
					"path": [
						"store",
						"order",
						"-100"
					]
				}
			},
			"response": []
		},
		{
			"name": "Número Zero",
			"request": {
				"method": "DELETE",
				"header": [],
				"url": {
					"raw": "{{url}}/store/order/0",
					"host": [
						"{{url}}"
					],
					"path": [
						"store",
						"order",
						"0"
					]
				}
			},
			"response": []
		},
		{
			"name": "Nulo",
			"request": {
				"method": "DELETE",
				"header": [],
				"url": {
					"raw": "{{url}}/store/order/",
					"host": [
						"{{url}}"
					],
					"path": [
						"store",
						"order",
						""
					]
				}
			},
			"response": []
		},
		{
			"name": "Letras",
			"request": {
				"method": "DELETE",
				"header": [],
				"url": {
					"raw": "{{url}}/store/order/L",
					"host": [
						"{{url}}"
					],
					"path": [
						"store",
						"order",
						"L"
					]
				}
			},
			"response": []
		},
		{
			"name": "Número > 1000",
			"request": {
				"method": "DELETE",
				"header": [],
				"url": {
					"raw": "{{url}}/store/order/583020945",
					"host": [
						"{{url}}"
					],
					"path": [
						"store",
						"order",
						"583020945"
					]
				}
			},
			"response": []
		},
		{
			"name": "Caracter especial",
			"request": {
				"method": "DELETE",
				"header": [],
				"url": {
					"raw": "{{url}}/store/order/*",
					"host": [
						"{{url}}"
					],
					"path": [
						"store",
						"order",
						"*"
					]
				}
			},
			"response": []
		}
	],
	"event": [
		{
			"listen": "prerequest",
			"script": {
				"type": "text/javascript",
				"packages": {},
				"exec": [
					""
				]
			}
		},
		{
			"listen": "test",
			"script": {
				"type": "text/javascript",
				"packages": {},
				"exec": [
					""
				]
			}
		}
	],
	"variable": [
		{
			"key": "url",
			"value": "",
			"type": "string"
		}
	]
}