{
	"info": {
		"_postman_id": "1aceb54b-3fbb-4afb-9a2a-ddd6d449afd5",
		"name": "USER Collection",
		"schema": "https://schema.getpostman.com/json/collection/v2.1.0/collection.json",
		"_exporter_id": "45899011"
	},
	"item": [
		{
			"name": "POST createUser",
			"request": {
				"method": "POST",
				"header": [],
				"body": {
					"mode": "raw",
					"raw": "{\r\n  \"id\": 999999999,\r\n  \"username\": \"meu-teste-user-12345\",\r\n  \"firstName\": \"Usuario\",\r\n  \"lastName\": \"de Teste\",\r\n  \"email\": \"teste@teste.com\",\r\n  \"password\": \"123\",\r\n  \"phone\": \"123456\",\r\n  \"userStatus\": 1\r\n}",
					"options": {
						"raw": {
							"language": "json"
						}
					}
				},
				"url": {
					"raw": "https://petstore3.swagger.io/api/v3/user",
					"protocol": "https",
					"host": [
						"petstore3",
						"swagger",
						"io"
					],
					"path": [
						"api",
						"v3",
						"user"
					]
				}
			},
			"response": []
		},
		{
			"name": "DELETE User deleted - 200",
			"request": {
				"method": "DELETE",
				"header": [],
				"url": {
					"raw": "http://localhost:8080/api/v3/user/{username}?=meu-teste-user-12345",
					"protocol": "http",
					"host": [
						"localhost"
					],
					"port": "8080",
					"path": [
						"api",
						"v3",
						"user",
						"{username}"
					],
					"query": [
						{
							"key": null,
							"value": "meu-teste-user-12345"
						}
					]
				}
			},
			"response": []
		},
		{
			"name": "DELETE User not found - 200",
			"request": {
				"method": "DELETE",
				"header": [],
				"url": {
					"raw": "http://localhost:8080/api/v3/user/{username}?=victorlohan",
					"protocol": "http",
					"host": [
						"localhost"
					],
					"port": "8080",
					"path": [
						"api",
						"v3",
						"user",
						"{username}"
					],
					"query": [
						{
							"key": null,
							"value": "victorlohan"
						}
					]
				}
			},
			"response": []
		},
		{
			"name": "DELETE Invalid username supplied - 200",
			"request": {
				"method": "DELETE",
				"header": [],
				"url": {
					"raw": "http://localhost:8080/api/v3/user/{username}?=",
					"protocol": "http",
					"host": [
						"localhost"
					],
					"port": "8080",
					"path": [
						"api",
						"v3",
						"user",
						"{username}"
					],
					"query": [
						{
							"key": "",
							"value": ""
						}
					]
				}
			},
			"response": []
		},
		{
			"name": "DELETE Unexpected error - 200",
			"request": {
				"method": "DELETE",
				"header": [],
				"url": {
					"raw": "http://localhost:8080/api/v3/user/{username}?=",
					"protocol": "http",
					"host": [
						"localhost"
					],
					"port": "8080",
					"path": [
						"api",
						"v3",
						"user",
						"{username}"
					],
					"query": [
						{
							"key": "",
							"value": ""
						}
					]
				}
			},
			"response": []
		}
	]
}